feed,bytes,sha256,download_url
PID_GTFS,45631487,d30684c7d18a398c7cbbf19c531add2f2fe02d0903d0f5ea398559aa2c757f02,http://data.pid.cz/PID_GTFS.zip
ch-odv-flex,46192,dec6427b47840caaf00855d5aa0c75c56751402d848ebe813380013d953e5f31,https://data.opentransportdata.swiss/dataset/d0830620-07f8-483f-9dc6-9bfdeffa24ab/resource/935fbe38-43be-4cda-b486-63fa2c6b1609/download/202607300745_odv_gtfs-flex_j26.zip
mdb-1021,9876583,72b87bf81724b0ccac805acd40532afd70b3a4f5a3ee3758dd7b8efff64427b4,https://storage.googleapis.com/storage/v1/b/mdb-latest/o/ni-managua-mapanica-managua-gtfs-1021.zip?alt=media
mdb-1022,162174,5d32583992d105117c7e44b479044f74f7ed415227775b85e52e5bc8c1bd8490,https://storage.googleapis.com/storage/v1/b/mdb-latest/o/ni-unknown-nicaragua-gtfs-1022.zip?alt=media
mdb-1023,198968,ee3578eafdbfc4c9a6796b39de79ce06d84652f55c94603014ef35602e31ad51,https://storage.googleapis.com/storage/v1/b/mdb-latest/o/ni-esteli-mapanica-esteli-gtfs-1023.zip?alt=media
mdb-1024,12219454,3c31ca46b6582251b50eaecc85eb8073418dd11ab0f3a5bdd5303ca6b899c2c8,https://storage.googleapis.com/storage/v1/b/mdb-latest/o/fr-occitanie-tisseo-gtfs-1024.zip?alt=media
mdb-1027,17576567,b3acb17c56380de8d9b0d7fa1ef8e19146339cae5959951264c2db2969afea9b,https://storage.googleapis.com/storage/v1/b/mdb-latest/o/rs-beograd-republic-of-serbia-gtfs-1027.zip?alt=media
mdb-1029,26066609,b15465aa1f9eb5bb1bd819512c5acde1a4826ce4d3bf1cbd57c3611445f89f44,https://storage.googleapis.com/storage/v1/b/mdb-latest/o/nz-waikato-sealink-pine-harbour-gtfs-1029.zip?alt=media
mdb-1040,210677,394ce6ee8da8afabb3fc2771d56ec5bd306620e7666d05d37ce64e846a4b8196,https://storage.googleapis.com/storage/v1/b/mdb-latest/o/lt-alytaus-apskritis-kautra-gtfs-1040.zip?alt=media
mdb-1041,1777779,3f3807c42726f68de14f04a4eb082a51d07cfd161242245d43f0945828d00518,https://storage.googleapis.com/storage/v1/b/mdb-latest/o/lt-kauno-apskritis-kauno-viesasis-transportas-kvt-gtfs-1041.zip?alt=media
mdb-1042,1320006,501f9372a852ceed867bf76ebe5ecd2c22521a7bef5887d39912c5524badca62,https://storage.googleapis.com/storage/v1/b/mdb-latest/o/lt-klaipedos-apskritis-klaipeda-transport-gtfs-1042.zip?alt=media
mdb-1043,338261,07299e355a23bc983a081ac7f7953128fa79b3786866df3a05a721df291b9c1a,https://storage.googleapis.com/storage/v1/b/mdb-latest/o/lt-panevezio-apskritis-panevezio-autobusu-parkas-gtfs-1043.zip?alt=media
mdb-1071,3152334,642eb5a0bd806cc5b473435391fbb7984e50b6069f55fb8fc3ac0fed493f45c1,https://storage.googleapis.com/storage/v1/b/mdb-latest/o/nz-bay-of-plenty-baybus-gtfs-1071.zip?alt=media
mdb-1076,7039521,6f92c98a7c233bac208df19a23100334d1380e4579e0916c76cd628f160493b9,https://storage.googleapis.com/storage/v1/b/mdb-latest/o/sg-unknown-smrt-gtfs-1076.zip?alt=media
mdb-1088,14379381,d28ae659b8c0c2ee08aaec43a89b30678a2db40a8551ed6956504754e2491e08,https://storage.googleapis.com/storage/v1/b/mdb-latest/o/be-bruxelles-capitale-societe-des-transports-intercommunaux-de-bruxellesmaatschappij-voor-het-intercommunaal-vervoer-te-brussel-stibmivb-gtfs-1088.zip?alt=media
mdb-1091,6006244,1c6230eaf12858d9324f52a232cbd9afe1dcf2ae9fa1874c54bc79741deb92a6,https://storage.googleapis.com/storage/v1/b/mdb-latest/o/lu-unknown-dpn-gtfs-1091.zip?alt=media
mdb-1104,767401,deec60b0461bc1bfc732baafe86aa8ce43aefb341e7b071c06c45d672d67a39b,https://storage.googleapis.com/storage/v1/b/mdb-latest/o/ro-unknown-cfr-calatori-gtfs-1104.zip?alt=media
mdb-1108,3596726,ef0b403ec43d7716e0a5986a4cda1b230cbddef3d73d935c97cf8cbd0a8647ea,https://storage.googleapis.com/storage/v1/b/mdb-latest/o/lu-unknown-regime-general-des-transports-routiers-gtfs-1108.zip?alt=media
mdb-1120,725937,a50e213c3d67c26825ada6490de477012afeb5855af9ca7e135da7ca1f628a89,https://storage.googleapis.com/storage/v1/b/mdb-latest/o/rs-nisavski-okrug-nis-ekspres-gtfs-1120.zip?alt=media
mdb-1131,827160,48c4a7e7bc9ca9f109ea0763fd00cda070c49166fd6e26ce8dd1ce80e38b3924,https://storage.googleapis.com/storage/v1/b/mdb-latest/o/fi-pohjanmaa-invataksi-niemi-oy-gtfs-1131.zip?alt=media
mdb-1132,19256605,95de38650ad7d49c7d5f441bab32eee306f33c04e422298c911ad9cb2a58426c,https://storage.googleapis.com/storage/v1/b/mdb-latest/o/nz-wellington-metlink-gtfs-1132.zip?alt=media
mdb-1135,23270466,3423f37d4756cc7ea9ebb8cf0a15a668579d28ab0d3d1df06829fcd4d9964c0a,https://storage.googleapis.com/storage/v1/b/mdb-latest/o/es-bizkaia-bizkaibus-gtfs-1135.zip?alt=media
mdb-1158,5221971,2dd648d8b540f235cc374e03f4e4c24fa8898f1d46c599e2637c4b44f8bb79e6,https://storage.googleapis.com/storage/v1/b/mdb-latest/o/tn-medenine-srtmedenine-gtfs-1158.zip?alt=media
mdb-1212,72837323,8c09b3c68554c2c7d3f0d7c6d810b054495d79f02027777ddb1543c22439c94b,https://storage.googleapis.com/storage/v1/b/mdb-latest/o/be-unknown-societe-regionale-wallonne-du-transport-gtfs-1212.zip?alt=media
mdb-1227,2614777,259cc8c3669a07c21388365e797dd3ceb475d72ae05754be0eb94ecf8db26a53,https://storage.googleapis.com/storage/v1/b/mdb-latest/o/fi-pohjois-karjala-linja-karjala-oy-gtfs-1227.zip?alt=media
mdb-1229,840914,b57abd15694f8b1d5004ab075e30f26073d370d0030fa66ba843043a8bfc9adf,https://storage.googleapis.com/storage/v1/b/mdb-latest/o/id-jawa-barat-bogor-angkots-gtfs-1229.zip?alt=media
mdb-1246,2120705,9277b0f76f6b80d96180fe28207726099726e8a98b092aa3aa994eefb8e3d51c,https://storage.googleapis.com/storage/v1/b/mdb-latest/o/us-california-santa-barbara-metropolitan-transit-district-mtd-gtfs-1246.zip?alt=media
mdb-1255,228761,5dcf749379c6ba2fb273ee6d4159e962613a1b0338e9829dc705ab5d131cac6b,https://storage.googleapis.com/storage/v1/b/mdb-latest/o/fi-etela-pohjanmaa-komia-liikenne-gtfs-1255.zip?alt=media
mdb-1276,366015,24646e81228b1f8147f40018d93b3b2e7bfa3d55e2f074a6a3af0ef37f024f54,https://storage.googleapis.com/storage/v1/b/mdb-latest/o/tw-miaoli-miaoli-gtfs-1276.zip?alt=media
mdb-1286,469328,b8fddccb511aa9d7c9091cc2a913ea81cc6ff5f60477f8250d0980979bd7987b,https://storage.googleapis.com/storage/v1/b/mdb-latest/o/fr-occitanie-offre-de-transport-du-reseau-libellus-gtfs-1286.zip?alt=media
mdb-1292,59233966,a0da171661d2761d2dbf914d84a090981eafc3936e5eb1b6cf3897ab21c20aaf,https://storage.googleapis.com/storage/v1/b/mdb-latest/o/dk-unknown-rejseplanen-gtfs-1292.zip?alt=media
mdb-1294,46624816,4ddd2cf34ceaef9cf128bebf77d902f95cb532b4701ec0e3f82f953d2318a000,https://storage.googleapis.com/storage/v1/b/mdb-latest/o/it-lazio-roma-servizi-per-la-mobilita-gtfs-1294.zip?alt=media
mdb-13,8429657,fff2479d4deb7cf3d7a4146c09dc2e6a307f02034dee7310abb0937edefa47f7,https://storage.googleapis.com/storage/v1/b/mdb-latest/o/us-california-san-diego-international-airport-metropolitan-transit-system-mts-gtfs-13.zip?alt=media
mdb-1791,25412005,bfb6a38df3a26be431a9d763ecb1bb0bc2cc4adc0dad8ba3dacfe9e22c321838,https://storage.googleapis.com/storage/v1/b/mdb-latest/o/br-rio-de-janeiro-city-transport-secretary-of-rio-de-janeiro-gtfs-1791.zip?alt=media
mdb-1808,555704,b4c99c53673ff5b89a3dc461feef578133ed37dae172c39b6332d1eb7066baad,https://storage.googleapis.com/storage/v1/b/mdb-latest/o/et-addis-ababa-addis-ababa-transport-authority-gtfs-1808.zip?alt=media
mdb-1814,1238418,45dc390b10a34f567991b52226ef8514ccef77d16a557709abed08051596cf2d,https://storage.googleapis.com/storage/v1/b/mdb-latest/o/gh-ashanti-ingerop-gtfs-1814.zip?alt=media
mdb-1823,18886467,fddd70a9837cfa81fdd8f6190a3ad90a5c76344adb70c301840c42bf8d8dc528,https://storage.googleapis.com/storage/v1/b/mdb-latest/o/tr-kocaeli-eshot-gtfs-1823.zip?alt=media
mdb-1824,116277,c1a86738dac8de3749aff96f0ce92f432be6a4e9ce67769c2854a530f92ce5fd,https://storage.googleapis.com/storage/v1/b/mdb-latest/o/tr-kocaeli-metro-izmir-gtfs-1824.zip?alt=media
mdb-1827,34669996,0c632efc29d75dd282d98d8951461a64d8a0a9428ca048fdc3d9a67c8eb61f7b,https://storage.googleapis.com/storage/v1/b/mdb-latest/o/si-ljubljana-ljubljanski-potniski-promet-gtfs-1827.zip?alt=media
mdb-1828,40841,cb2424f4a61b7bfbee78d3ff764a1b6d8e752cc787b04cc724b1ce2b0b3682aa,https://storage.googleapis.com/storage/v1/b/mdb-latest/o/tr-kocaeli-izban-gtfs-1828.zip?alt=media
mdb-1830,2397374,a2ecd0fbdf56e787b8eee3a6a3719043667b022a849f7f510812054677225384,https://storage.googleapis.com/storage/v1/b/mdb-latest/o/mx-unknown-pumabus-gtfs-1830.zip?alt=media
mdb-1831,41634801,bfde647680647ba5917583c4c1de5c3925420828ca24d37adfe08eb6df5d345a,https://storage.googleapis.com/storage/v1/b/mdb-latest/o/th-krung-thep-maha-nakhon-office-of-transport-and-traffic-policy-and-planning-gtfs-1831.zip?alt=media
mdb-1832,1016865,503fa911671bf208c76a8c8c3d82d0ba7523f1c0ed3c299579a90af17285bb63,https://storage.googleapis.com/storage/v1/b/mdb-latest/o/sk-unknown-zeleznicna-spolocnost-slovensko-gtfs-1832.zip?alt=media
mdb-1833,149218,5c516195435cf94c109c558e518134e8d2510bfc073210ae078fd5dc8fd13a2c,https://storage.googleapis.com/storage/v1/b/mdb-latest/o/lt-alytaus-apskritis-kautra-gtfs-1833.zip?alt=media
mdb-1834,578545,ceb686c7cef2dc8de28202ed0264b72fb81eb9e1ba30ab05181fed93deb68b51,https://storage.googleapis.com/storage/v1/b/mdb-latest/o/lt-siauliu-apskritis-busturas-gtfs-1834.zip?alt=media
mdb-1840,2915849,a99aba9ae13ec9aba75cb76abcce60091016a9ed36d5f4a391acecfb70bebe38,https://storage.googleapis.com/storage/v1/b/mdb-latest/o/fr-normandie-cotentin-cap-cotentin-gtfs-1840.zip?alt=media
mdb-1859,39586842,e455f7738bf7a0eb8a483ff93846fe97f2dda145e302077b87d773bb1d29098a,https://storage.googleapis.com/storage/v1/b/mdb-latest/o/be-unknown-sncb-gtfs-1859.zip?alt=media
mdb-1860,13235,a8d166b2127aad06976ab1bcada210cb2d32216a09985e55e1e0ca449072b5b7,https://storage.googleapis.com/storage/v1/b/mdb-latest/o/be-antwerpen-dewaterbus-gtfs-1860.zip?alt=media
mdb-1888,530196,346d37a52fe36f9cd8a1e437d068dbb6333328d3b4a4f2e173978a5d1745b892,https://storage.googleapis.com/storage/v1/b/mdb-latest/o/fr-nouvelle-aquitaine-buss-gtfs-1888.zip?alt=media
mdb-1901,1686185,d0de4b5364d57c488e9a3705219ba1b5478a6d0cf4ce40c1259dc0df9d1a47d7,https://storage.googleapis.com/storage/v1/b/mdb-latest/o/cz-olomoucky-kraj-dopravni-podnik-mesta-olomouce-gtfs-1901.zip?alt=media
mdb-1902,2229488,60878ece2bb5f8daf2e50eecf0e6b5e0fe2c2e08d663a333816b52efeed1d9d1,https://storage.googleapis.com/storage/v1/b/mdb-latest/o/cz-liberecky-kraj-dopravni-podnik-mest-liberce-a-jablonce-nad-nisou-gtfs-1902.zip?alt=media
mdb-1903,1241634,8c5246020263efb37a19dacba85ebc02c6d93f153e441558f49e716e71734ab1,https://storage.googleapis.com/storage/v1/b/mdb-latest/o/hu-veszprem-v-busz-kft-gtfs-1903.zip?alt=media
mdb-1909,5397090,d1450847ffe1211982b1e1fd734b0d0ad0e2df405d5ae472c6b315b404a0cc58,https://storage.googleapis.com/storage/v1/b/mdb-latest/o/id-jakarta-raya-transjakarta-gtfs-1909.zip?alt=media
mdb-1914,464312,f82eb4b2860a2935dc33aba3ea29ae449e25928adbe5af9529ba70e313b9c4dc,https://storage.googleapis.com/storage/v1/b/mdb-latest/o/es-santiago-gtfs-1914.zip?alt=media
mdb-1915,1180869,fc320e1366e41b5ab28ef61f819df7128c8c9d82c19110cc1c4e6c4cc155f12e,https://storage.googleapis.com/storage/v1/b/mdb-latest/o/cy-unknown-osypa-gtfs-1915.zip?alt=media
mdb-1916,2029366,805e2bb01a4f02c9445c0df3a01b2ddc517cba1b7e0efed8bdf7b0665f18352b,https://storage.googleapis.com/storage/v1/b/mdb-latest/o/cy-unknown-osea-gtfs-1916.zip?alt=media
mdb-1917,1140944,0d6c6f65c1906eb55bbd4305878b31bacf021c25af39569572bee481f4537625,https://storage.googleapis.com/storage/v1/b/mdb-latest/o/cy-unknown-intercity-buses-gtfs-1917.zip?alt=media
mdb-1918,3103936,9ac9ee47cf3cf411d7d46be43c59fa6bd349ed1e9fd76f73e4ec3ab2aed797dc,https://storage.googleapis.com/storage/v1/b/mdb-latest/o/cy-unknown-npt-gtfs-1918.zip?alt=media
mdb-1919,1524699,93e4713cd09c643a21f7138ea1b835ecff6df7966b02b824f0105b6519e1e642,https://storage.googleapis.com/storage/v1/b/mdb-latest/o/cy-unknown-lpt-gtfs-1919.zip?alt=media
mdb-1924,13702444,e5ad020b79d0020625a4e8eb5428c2253a07705b71bfb809d8a3fa178032ce06,https://storage.googleapis.com/storage/v1/b/mdb-latest/o/hk-unknown-hong-kong-government-transport-department-gtfs-1924.zip?alt=media
mdb-1936,415,7674e23e6eecd10b6c2e9215d1513b0735dff6f114c1b9214618a3c36918e613,https://storage.googleapis.com/storage/v1/b/mdb-latest/o/gb-manchester-go-north-west-gtfs-1936.zip?alt=media
mdb-1949,2784322,4304f020815cc7972d7bc3f05818a693e45b0c49f05e71f7642f84afbe8154f6,https://storage.googleapis.com/storage/v1/b/mdb-latest/o/gb-reading-reading-buses-gtfs-1949.zip?alt=media
mdb-1953,9005435,77187e51b96073596a79a069ce5ca5a33d710418cd2b31181029e4d658f4a4c6,https://storage.googleapis.com/storage/v1/b/mdb-latest/o/gb-unknown-transdev-blazefield-gtfs-1953.zip?alt=media
mdb-1954,1900295,29c5333e3ffe15d28dcce98bf35c4edfd88ccc00dda02ee5e9d781ea225914c9,https://storage.googleapis.com/storage/v1/b/mdb-latest/o/gb-bournemouth-and-poole-unibus-gtfs-1954.zip?alt=media
mdb-1970,10654,66c887f905be46394c2980f25d48a36b98bae5c1e6d46bca46662c87d3cec789,https://storage.googleapis.com/storage/v1/b/mdb-latest/o/ch-unknown-shuttler-gtfs-1970.zip?alt=media
mdb-1984,123538,40de94bcefbd0462bc6e9337bb973db6ef0f1bb473fc6943111ad2b0aac1e6c7,https://storage.googleapis.com/storage/v1/b/mdb-latest/o/ro-vrancea-consiliul-judetean-vrancea-gtfs-1984.zip?alt=media
mdb-1985,628028,afb97313e277d631e471d56cb958d802dca3018e9ace5597b3122931d1b288ae,https://storage.googleapis.com/storage/v1/b/mdb-latest/o/pe-aeroexpreso-gtfs-1985.zip?alt=media
mdb-1987,13214627,b572f30528f3e53fb78343c80370082486d49881d46a4ed97b0178e718363c56,https://storage.googleapis.com/storage/v1/b/mdb-latest/o/fr-centre-val-de-loire-tours-metropole-val-de-loire-gtfs-1987.zip?alt=media
mdb-1996,1353551,fdcfb9a28deb53326bf32af7fda173c00d37b551e8f964f9be41233090e708ee,https://storage.googleapis.com/storage/v1/b/mdb-latest/o/ca-quebec-societe-de-transport-de-sherbrooke-gtfs-1996.zip?alt=media
mdb-2015,153611,cfc72e1f6a071792a3635dfc770490942f12a03d4d4acd7439dc884e571950e5,https://storage.googleapis.com/storage/v1/b/mdb-latest/o/lv-unknown-pasazieru-vilciens-gtfs-2015.zip?alt=media
mdb-2016,286955,3fb0b372460892109ae3a982c3f7d03a8c0e2c8e8951325229585c172f64689a,https://storage.googleapis.com/storage/v1/b/mdb-latest/o/lv-liepaja-liepajas-sabiedriskais-transports-gtfs-2016.zip?alt=media
mdb-2017,138255,d5fd4333d8662de5f94eb36e52f24af81774c3d6d2f8d584e411babf242d9e55,https://storage.googleapis.com/storage/v1/b/mdb-latest/o/lv-rezekne-rezeknes-satiksme-gtfs-2017.zip?alt=media
mdb-2018,1609,c7ed6f0f37472c1f2b4f49e2492fbfee84d30dffd8e6685cbc65207f9ec7375d,https://storage.googleapis.com/storage/v1/b/mdb-latest/o/lv-jurmala-jurmalas-autobusu-satiksme-gtfs-2018.zip?alt=media
mdb-2021,2020104,969c76e1708a3decb2f162767584dc4e5132e16a4fdf046da654e58a271fc7ea,https://storage.googleapis.com/storage/v1/b/mdb-latest/o/it-brindisi-stp-brindisi-gtfs-2021.zip?alt=media
mdb-2022,2525781,4e16e3e8d20a71b52f4e02bd60713500a833e7862eceaacaec26742ec5fb8da4,https://storage.googleapis.com/storage/v1/b/mdb-latest/o/it-brindisi-stp-brindisi-gtfs-2022.zip?alt=media
mdb-2027,91771279,42e07f8ff407a0be2df43b9d62d4f24887e4c5a27b14c4222ff5cb7f9948eaac,https://storage.googleapis.com/storage/v1/b/mdb-latest/o/pt-lisboa-carris-metropolitana-gtfs-2027.zip?alt=media
mdb-2033,1510551,447c4d8da0ed2c66addd42224bb2cb26da723d595b8e0bab5c5e4f6cbfe0a2cc,https://storage.googleapis.com/storage/v1/b/mdb-latest/o/mexico-oaxaca-secretaria-de-movilidad-oaxaca-gtfs-2033.zip?alt=media
mdb-2034,169521,d3107c22e1dbdd87eed84ca60c19d303c667eaec5b96242cf4918654697bf563,https://storage.googleapis.com/storage/v1/b/mdb-latest/o/mexico-jalisco-direccion-general-de-transporte-publico-de-puerto-vallarta-gtfs-2034.zip?alt=media
mdb-2036,10503,dc54fcf855a805a713ad2280157ccc55ffc93b1e6cf4be227271ccbe18d76ae0,https://storage.googleapis.com/storage/v1/b/mdb-latest/o/czech-prague-bean-shuttle-gtfs-2036.zip?alt=media
mdb-2045,33232,83298514ae6734425cf2a44d872c9d6edda2e6a480c115f23633433f28d57360,https://storage.googleapis.com/storage/v1/b/mdb-latest/o/us-colorado-eco-transit-gtfs-2045.zip?alt=media
mdb-2053,41663,18af20f1a130b393134ede4e1fdc907840d531fdac532ec69b4b9d4c2576e0c9,https://storage.googleapis.com/storage/v1/b/mdb-latest/o/de-unknown-postauto-ag-gtfs-2053.zip?alt=media
mdb-2077,18905,678a75a72267b1e0ac36473e6086092887ce38b06740489f14170ed3f7dddb2e,https://storage.googleapis.com/storage/v1/b/mdb-latest/o/cm-littoral-socatur-gtfs-2077.zip?alt=media
mdb-2078,784349,c17e7d92dc80dc58167d9cedd9688aabddca2dfdd430132cf6fef39bdc1f63f0,https://storage.googleapis.com/storage/v1/b/mdb-latest/o/ci-abidjan-divers-operateurs-gtfs-2078.zip?alt=media
mdb-2085,127839,63c2d5c6a4f88ef591a76d52c9b14c4cbc0bcd5a07c422b6924dcfd5665c3dd4,https://storage.googleapis.com/storage/v1/b/mdb-latest/o/pl-zachodniopomorskie-komunikacja-autobusowa-swinoujscie-ka-swinoujscie-gtfs-2085.zip?alt=media
mdb-2086,1197653,b529713e25b0abbf1d0d4e0944f1da890d40dba8b6690a3526095ce67f944316,https://storage.googleapis.com/storage/v1/b/mdb-latest/o/pl-warminsko-mazurskie-miejski-zaklad-komunikacji-w-elku-mzk-elk-gtfs-2086.zip?alt=media
mdb-2093,20886322,c4e67cb72ac63599e438738b64dcc683432bad24da92ca2a0dc53eede145d470,https://storage.googleapis.com/storage/v1/b/mdb-latest/o/pl-pomorskie-zarzad-transportu-miejskiego-gdansk-ztm-gdansk-gtfs-2093.zip?alt=media
mdb-2099,1480826,ca6ed7978e793b4bc8757448dc06f1d063ceb49abca25f689f25b8473bd6f6ca,https://storage.googleapis.com/storage/v1/b/mdb-latest/o/ro-sibiu-tursib-sibiu-gtfs-2099.zip?alt=media
mdb-2119,231960,eba52b7955f0d42adc5c42ea5fb5518330c1a54fb9b725c0bc72f4031d698c9e,https://storage.googleapis.com/storage/v1/b/mdb-latest/o/bg-pleven-trolleybus-transport-pleven-gtfs-2119.zip?alt=media
mdb-2121,1490181,4f58243893005a1bef127385137c29b94fdfa1558ac76243f2b9501e77bcf6f6,https://storage.googleapis.com/storage/v1/b/mdb-latest/o/ro-cluj-compania-de-transport-public-cluj-napoca-gtfs-2121.zip?alt=media
mdb-2134,12105,1c9bc98883cc098cccf72ed7cadd17c5ae5e0346d0e7963f1bf0030e9b688233,https://storage.googleapis.com/storage/v1/b/mdb-latest/o/mx-cancun-daytrip-shuttle-gtfs-2134.zip?alt=media
mdb-2143,1412929,0db3648b8d356e5a8bfcfec7a4c0ea24ce169c11de483be2eac7fad7bad2256f,https://storage.googleapis.com/storage/v1/b/mdb-latest/o/ro-brasov-regia-autonoma-de-transport-brasov-gtfs-2143.zip?alt=media
mdb-2148,7123534,b87d434c751c10eeca17a4d7de058ad1903cd6c51bbed87f5c3b41538faeb37b,https://storage.googleapis.com/storage/v1/b/mdb-latest/o/pt-porto-sociedade-de-transportes-colectivos-do-porto-gtfs-2148.zip?alt=media
mdb-2151,11001,e0338244a7603d9238e9e4b39d3b7974486dee3196b135ac16aea7751d07f921,https://storage.googleapis.com/storage/v1/b/mdb-latest/o/cr-san-jose-daytrip-shuttle-gtfs-2151.zip?alt=media
mdb-2152,8206933,41f4a2fc175a03509cc0719531ec587d6d1aa83db4af6f0305ab71cc871da30b,https://storage.googleapis.com/storage/v1/b/mdb-latest/o/fr-hauts-de-france-ilevia-reseau-de-transport-transpole-de-la-metropole-europeenne-de-lille-gtfs-2152.zip?alt=media
mdb-2155,8673826,bb7d0663351a045c9370f56d7dd289a20a51eac3039eed3a83b1e5a2815274f8,https://storage.googleapis.com/storage/v1/b/mdb-latest/o/cz-south-moravian-integrated-transit-system-of-the-south-moravian-region-ids-jmk-gtfs-2155.zip?alt=media
mdb-2200,753890,3f927c8e8335662463018667df7ce71a2f535793f1cd4bb466e55f50e8099eb0,https://storage.googleapis.com/storage/v1/b/mdb-latest/o/pe-trujillo-tmt-trujillo---gerencia-de-transporte-gtfs-2200.zip?alt=media
mdb-2212,8678112,d05b4598e48439ee5eacc0f9888098117eae090141f0415508e762e6bc5b4ab0,https://storage.googleapis.com/storage/v1/b/mdb-latest/o/es-andalucia-empresa-malaguena-de-transportes-emt-gtfs-2212.zip?alt=media
mdb-2240,470207,529c9f9eaf66d0b2223f8c8fb1b033a1ce9fd793ff9fa9ab0b8ecb56a7dc7bf1,https://storage.googleapis.com/storage/v1/b/mdb-latest/o/us-connecticut-southeast-area-transit-district-gtfs-2240.zip?alt=media
mdb-230,50003,fb6d6f85e310c0e53e57a9e4e8aa2764ccb563c8365cc56a3598bf4e80885ce4,https://storage.googleapis.com/storage/v1/b/mdb-latest/o/us-colorado-bent-county-transit-gtfs-230.zip?alt=media
mdb-2316,1091002,845ba942541c29bedcee60376238dad7cfd3233207216dd1a3db3742dd379cb7,https://storage.googleapis.com/storage/v1/b/mdb-latest/o/us-nebraska-kimball-county-transit-service-gtfs-2316.zip?alt=media
mdb-2322,288070,ddce8f4343e1a29ed0602cf3f57edb5be1acaab005bd2b96bed1eaf7cdc428bc,https://storage.googleapis.com/storage/v1/b/mdb-latest/o/us-florida-city-of-miami-beach-gtfs-2322.zip?alt=media
mdb-2323,79837,03c288a887e56de044c15fbf4b660f1ea0db5723890045d1b301c75af5939823,https://storage.googleapis.com/storage/v1/b/mdb-latest/o/us-florida-city-of-miami-gardens-gtfs-2323.zip?alt=media
mdb-2329,322972,445eedc17d57571868254c3194dada1b406c7f0bdc59100c769a2f5b31836d0b,https://storage.googleapis.com/storage/v1/b/mdb-latest/o/nz-south-island-ebus-gtfs-2329.zip?alt=media
mdb-2330,1083376,d6b93d3671488d626b7a1fdd1f5caa210d9a306818151d79a44e65a66b2cfcf5,https://storage.googleapis.com/storage/v1/b/mdb-latest/o/us-colorado-bustang-outrider-gtfs-2330.zip?alt=media
mdb-2331,278348,9e8bcb6d5afe920d48c3610806d7a2bb08026b54a3d983dd14d2f70ea06642b9,https://storage.googleapis.com/storage/v1/b/mdb-latest/o/us-washington-pahto-public-passage-gtfs-2331.zip?alt=media
mdb-2337,36520757,2aa474f53f9713465b3e2ba7cc6b7e8f0981a47a7ebbc267445389a95d0cc2b1,https://storage.googleapis.com/storage/v1/b/mdb-latest/o/lv-unknown-latvia-by-gustavs-svalbe-gsvalbeidlv-gtfs-2337.zip?alt=media
mdb-2341,2754201,5d736f3b7feffa88b29487c1cc0a3064b206bc51d76a7f9efd00be833d8b4399,https://storage.googleapis.com/storage/v1/b/mdb-latest/o/md-chisinau-regia-transport-electric-chisinau-gtfs-2341.zip?alt=media
mdb-2345,2658174,9a3f7b87398853fdd4e0ae94ae83280d543ebd1e83c4f25fa0a4077464dc5580,https://storage.googleapis.com/storage/v1/b/mdb-latest/o/al-tirana-municipality-of-tirana-gtfs-2345.zip?alt=media
mdb-2360,1295,0aa3a0eefce8c26cc23a1b30358a3dd5bc345f38a3c6cfbbffbea592887862e6,https://storage.googleapis.com/storage/v1/b/mdb-latest/o/de-sachsen-mitteldeutscher-verkehrsverbund-gmbh-mdv-gtfs-2360.zip?alt=media
mdb-2366,2542046,22011e158efdf066057ed882d2c00d205cfaa390c51d01f565619c0049c15e99,https://storage.googleapis.com/storage/v1/b/mdb-latest/o/mx-guadalajara-mi-transporte-gtfs-2366.zip?alt=media
mdb-2374,3753690,b31a24900925262105628c9c656eb6ba5bbf48b564f626f2d63599bd6834f8dd,https://storage.googleapis.com/storage/v1/b/mdb-latest/o/ua-lviv-lvivavtodor-gtfs-2374.zip?alt=media
mdb-2377,624675,6c6a7794a22065989fcd1a2175ea28efb48a07f760ca9e71c86ecd52fad26ec3,https://storage.googleapis.com/storage/v1/b/mdb-latest/o/me-zpcg-gtfs-2377.zip?alt=media
mdb-2381,132409,c9030a390fc3e5797e5eff750e5b5cb961b8206a98c4872b6928d1bf7b35b7a4,https://storage.googleapis.com/storage/v1/b/mdb-latest/o/tr-isparta-bus-gtfs-2381.zip?alt=media
mdb-2385,226490,38f344430f48c46282b02048d0b6c76e4a9283bbb6d488a8477434e101cd7cf3,https://storage.googleapis.com/storage/v1/b/mdb-latest/o/lt-bbus-gtfs-2385.zip?alt=media
mdb-2387,3949310,c742cee9d0fd3c6110834c13b8a69e3032954c2fa0fbb6cef5f4ee600aa56526,https://storage.googleapis.com/storage/v1/b/mdb-latest/o/pl-podkarpackie-zarzad-transportu-miejskiego-rzeszow-ztm-rzeszow-gtfs-2387.zip?alt=media
mdb-2407,222960,f746f9700ef033a5780b30cc92c6259f6300cc4c51347114eca53d4dc09d964b,https://storage.googleapis.com/storage/v1/b/mdb-latest/o/co-sucre-sincelejo-metro-sabanas-gtfs-2407.zip?alt=media
mdb-2408,252508,6ed4f97ba6fa95721cd29c86af974ff9768a6a079f32c60c890fe757c0b13286,https://storage.googleapis.com/storage/v1/b/mdb-latest/o/pt-lisboa-metro-transportes-do-sul-gtfs-2408.zip?alt=media
mdb-2417,885859,db970e47f62727d5b975c0025fb030df171719ba0784e5ece98cb00cf5483d36,https://storage.googleapis.com/storage/v1/b/mdb-latest/o/ca-maritime-bus-gtfs-2417.zip?alt=media
mdb-2457,2958001,ed801427b35ac0760092d13eccf65d71cd299910c2ab80e1de54cf21f33727f1,https://storage.googleapis.com/storage/v1/b/mdb-latest/o/in-andhra-pradesh-hyderabad-metro-rail-gtfs-2457.zip?alt=media
mdb-2460,371796,a4bde399781470d75355389c809502e3a36cfd011e3c6d50763ac6328313071b,https://storage.googleapis.com/storage/v1/b/mdb-latest/o/ca-new-brunswick-fredericton-transit-gtfs-2460.zip?alt=media
mdb-2519,171413597,ff49417bb01618998cf05c5a2ee33c151ce89282055a97829808b900711a37cc,https://storage.googleapis.com/storage/v1/b/mdb-latest/o/il-ministry-of-transport-and-road-safety-gtfs-2519.zip?alt=media
mdb-2615,3153,0b17c07b1b71447f3a015a0192a51a58369956dd67cf1656139a59b5a1e6f09d,https://storage.googleapis.com/storage/v1/b/mdb-latest/o/gg-unknown-sarkshipping-gtfs-2615.zip?alt=media
mdb-2632,1736619,7d68364f99e8455898827139e8dac5d9167ea18ce23b6ae3352c4b211f3f3c01,https://storage.googleapis.com/storage/v1/b/mdb-latest/o/br-rio-de-janeiro-angra-dos-reis-viacao-senhor-do-bonfirm-2632.zip?alt=media
mdb-2635,18604947,45bf06ad4508e201a9d0b0193c818a8d031154799fdb73420d28eda43c4ccd66,https://storage.googleapis.com/storage/v1/b/mdb-latest/o/ie-dublin-dublin-bus-gtfs-2635.zip?alt=media
mdb-2636,82871566,3e1ed74c6af29741ec41d4c67050a0b070b9d304c1575da8b3d285d8e510525c,https://storage.googleapis.com/storage/v1/b/mdb-latest/o/ie-dublin-bus-eireann-gtfs-2636.zip?alt=media
mdb-2637,5835579,2e1595240833065616aee77e63eab6f84e02c61f309331fa2f9cbaebc5c0ceed,https://storage.googleapis.com/storage/v1/b/mdb-latest/o/ie-irish-rail-gtfs-2637.zip?alt=media
mdb-2638,1031283,0fa155fad03f8510a311e9d3569bb3699eeb01d03aba5e1b5244052950095436,https://storage.googleapis.com/storage/v1/b/mdb-latest/o/ie-dublin-luas-gtfs-2638.zip?alt=media
mdb-2639,15311199,999b97c1b3d596fffc772b4009bf90bffb2ca97acbff97dcdc2c3f9da6c12f5b,https://storage.googleapis.com/storage/v1/b/mdb-latest/o/ie-dublin-goahead-ireland-gtfs-2639.zip?alt=media
mdb-2640,853739,fcc5bcdd9d5ad3df51f6cf6922143766bfea3d0cce62e72d1ac84c50be6bf97c,https://storage.googleapis.com/storage/v1/b/mdb-latest/o/ie-dublin-aircoach-gtfs-2640.zip?alt=media
mdb-2688,36446335,4f24052213f6412f0179ff5f9a6fc23163d67aeb5a9db074f79a9be42a908446,https://storage.googleapis.com/storage/v1/b/mdb-latest/o/gb-essex-essex-county-essex-county-council-gtfs-2688.zip?alt=media
mdb-2691,94045,fa35d2b22e533c6077e6f50c50dd6d4edf52988d1220c9d9549e84cf7a33dba7,https://storage.googleapis.com/storage/v1/b/mdb-latest/o/es-castilla-y-leon-arroyo-de-la-encomienda-la-regional-vallisoletana-sa-arroyobus-gtfs-2691.zip?alt=media
mdb-2837,9758320,4611568668d50f9749cf358ba4a218dfba6a1edab88b81c75d58c772e623a6fb,https://storage.googleapis.com/storage/v1/b/mdb-latest/o/pt-cavado-tuba-transportes-urbanos-de-barcelos-gtfs-2837.zip?alt=media
mdb-2839,1423133,2590f8cfb30de32929089e06d5c8c1b0769d325a65aa9dcd58e269a6fc60dbf9,https://storage.googleapis.com/storage/v1/b/mdb-latest/o/fi-satakunta-pori-gtfs-2839.zip?alt=media
mdb-2848,18849552,d9d385c1b41d6ae7e977d1045cea581fdb5b52699937ca1035d9ab0cb8fa797d,https://storage.googleapis.com/storage/v1/b/mdb-latest/o/bg-sofia-city-gtfs-2848.zip?alt=media
mdb-2867,3744131,466811f9f12fffc654ebfd769e4897a017f54cffe1d8dbdc1fd5d20cab0de04c,https://storage.googleapis.com/storage/v1/b/mdb-latest/o/in-unknown-indian-railways-gtfs-2867.zip?alt=media
mdb-2868,1806344,46e742ef0b4635b609c595cd3eb761237406cb1e44bad074f51aba21d4dcd6ab,https://storage.googleapis.com/storage/v1/b/mdb-latest/o/ro-timis-societatea-metropolitana-de-transport-timisoara-gtfs-2868.zip?alt=media
mdb-2871,3640614,81f22002793c47384af420c673a7eda4cc4675d344b9aea2f257d35ad6b9f98d,https://storage.googleapis.com/storage/v1/b/mdb-latest/o/jp-hokkaido-donan-bus-gtfs-2871.zip?alt=media
mdb-2875,9793,817634ecc89d3ee214094f203d0bec88e4ff0d22790084a9d33784af2306c2a0,https://storage.googleapis.com/storage/v1/b/mdb-latest/o/ie-munster-county-cork-west-cork-conne-gtfs-2875.zip?alt=media
mdb-2898,162613673,c6f06bdad9f20349ed08b45daf2ff6114f116a3c231afdd48abe80608382c5dd,https://storage.googleapis.com/storage/v1/b/mdb-latest/o/ch-unknown-swiss-federal-railways-sbb-gtfs-2898.zip?alt=media
mdb-2901,18030,77b4830b20b2032724e14109b982b5bf9218bd497753a81b358812411d56fdb0,https://storage.googleapis.com/storage/v1/b/mdb-latest/o/cy-pame-express-gtfs-2901.zip?alt=media
mdb-2904,85570503,ab593e1f0ee288486298f3e275f52a9dade55fc62ea5727f8ce1d7c7fc3717b9,https://storage.googleapis.com/storage/v1/b/mdb-latest/o/cz-czech-national--gtfs-2904.zip?alt=media
mdb-2909,728277,aa140ae2634cd0e0bff0ca4f3e429718a2ea3814ace9d48bcf1c7433453d0f6b,https://storage.googleapis.com/storage/v1/b/mdb-latest/o/gb-coach-services-gtfs-2909.zip?alt=media
mdb-2910,41438,a0239eebeef0463a43ea5047bdca8ed25fde89b046fa5bdb9180c9ded080549d,https://storage.googleapis.com/storage/v1/b/mdb-latest/o/hr-gradski-parking-gtfs-2910.zip?alt=media
mdb-2911,3503572,8d387d54b32f4abff834b2ffe8b099e34723fa17718c632aa9b84e5905678e09,https://storage.googleapis.com/storage/v1/b/mdb-latest/o/gb-midland-bluebird-gtfs-2911.zip?alt=media
mdb-2919,2243210,cb48ea7cd097a707718b799edfc3dcfa642d376fc70ab18f871afa67f87ba038,https://storage.googleapis.com/storage/v1/b/mdb-latest/o/sk-bratislavsky-kraj-ids-bk-regional-gtfs-2919.zip?alt=media
mdb-2922,13804604,4b3d26120c86ef0a3c04dc83bc820372f3d82301e0a0f18aa305c8702cc1c207,https://storage.googleapis.com/storage/v1/b/mdb-latest/o/tr-turkiye-flixbus-turkiye-gtfs-2922.zip?alt=media
mdb-2925,7171829,7af61daa0dd4799a7a9988160c85f2849961d1326499b60b30825e9a6cbda924,https://storage.googleapis.com/storage/v1/b/mdb-latest/o/rs-beograd-beograd-prigrad-gtfs-2925.zip?alt=media
mdb-2927,1635014,48296151e11883bb4d235bcc19855073cda278baafe198c0b1c03826d0d0d483,https://storage.googleapis.com/storage/v1/b/mdb-latest/o/rs-srbijavoz-gtfs-2927.zip?alt=media
mdb-2928,7962788,7f7d72ffb04ba899c9a09ee3b0d121d62776a237207e8de33bc62d837277e1d5,https://storage.googleapis.com/storage/v1/b/mdb-latest/o/rs-nis-direkcija-za-ja-gtfs-2928.zip?alt=media
mdb-2929,47985803,37f2e225b188d2696e5bf8895abaa4777d263529b9b69c2df3ca98679aaa4308,https://storage.googleapis.com/storage/v1/b/mdb-latest/o/pt-lisbon-carris-gtfs-2929.zip?alt=media
mdb-2931,450977,381f6587fcf5d2553623fd5970ac7f7da859e9bc9ffc4155ec6fe965124147bc,https://storage.googleapis.com/storage/v1/b/mdb-latest/o/ua-uzhhorod-gtfs-2931.zip?alt=media
mdb-2932,470518,c812ea1dcc69e95d44d56a37068f1b029e782dfe3415172a2875d3c0af4f4a00,https://storage.googleapis.com/storage/v1/b/mdb-latest/o/ua-stryi-gtfs-2932.zip?alt=media
mdb-2933,18875148,15c31c34429d90c40ba98bcb65146efd947fca5b8f36d1969ad44c5213fe4799,https://storage.googleapis.com/storage/v1/b/mdb-latest/o/hk-just-use-wheels-gtfs-2933.zip?alt=media
mdb-2934,8263085,af67153827babe20fe022bd760bbbf7ab9c8305c9362896f6af3651dfbfb2fcc,https://storage.googleapis.com/storage/v1/b/mdb-latest/o/br-fortaleza-fortaleza-gtfs-2934.zip?alt=media
mdb-2936,42293,3a8d425f47e080aa2bb2b3abade030d76562bab6991976b1302ac1ad4a49f372,https://storage.googleapis.com/storage/v1/b/mdb-latest/o/us-city-of-alexandria-alexandria-dot-gtfs-2936.zip?alt=media
mdb-2938,12298,bc515723cf59541e5c6639c5999ab411b30050b417cdac4b204f438291d8c133,https://storage.googleapis.com/storage/v1/b/mdb-latest/o/sg-mandai-wildlife-gtfs-2938.zip?alt=media
mdb-2994,12095,fd5e26f7400a05bddd404937d5541a1e02ff92603e969b69dae1ac24a7a8108e,https://storage.googleapis.com/storage/v1/b/mdb-latest/o/it-regione-autonoma-della-sardegna-collegamenti-marittimi-grimaldi-gtfs-2994.zip?alt=media
mdb-2995,36125,c0128ad329c2d05224fd24b81fc309398542700772d3c87563460e11f4076dc6,https://storage.googleapis.com/storage/v1/b/mdb-latest/o/it-regione-autonoma-della-sardegna-collegamenti-marittimi-sardinia-ferries-gtfs-2995.zip?alt=media
mdb-3037,152831,f99cfb38753b69e085d55706cb67ccac8179f44ee20669cbd6d7ad0d4719ce47,https://storage.googleapis.com/storage/v1/b/mdb-latest/o/us-columbia-county-gtfs-3037.zip?alt=media
mdb-3040,10048626,7c9b9af877b4ae644f6a2cff938562b1d927b156466a6da5dafd426c6f52a64b,https://storage.googleapis.com/storage/v1/b/mdb-latest/o/it-bologna-tper-bus-gtfs-3040.zip?alt=media
mdb-3043,2778882,03b06f18327ce373ac41c266839a237bcb248f76c417a11f9b84f46699728e49,https://storage.googleapis.com/storage/v1/b/mdb-latest/o/hr-hzpp-gtfs-3043.zip?alt=media
mdb-3046,1443618,de9b554faa12f5f76f404e4aac85a2176972c21ed5b896c14018dce4a74c7394,https://storage.googleapis.com/storage/v1/b/mdb-latest/o/md-ungheni-transport-publi-gtfs-3046.zip?alt=media
mdb-3047,6680204,fc181de464172412c131733edefe72049a0a4bcbba88e502d39947d9cccb60f9,https://storage.googleapis.com/storage/v1/b/mdb-latest/o/ee-tallinna-linn-tallinna-linn-gtfs-3047.zip?alt=media
mdb-3049,283653,13738187326300df58a00b4f033c012b7cb9885f9d9f8d86bb79866369ed5b44,https://storage.googleapis.com/storage/v1/b/mdb-latest/o/ma-oncf-office-nat-gtfs-3049.zip?alt=media
mdb-3050,871922,f5d468c282b4f904632b24cf43fe29f309066977ef74475f8c5aab3c400058a8,https://storage.googleapis.com/storage/v1/b/mdb-latest/o/in-apsrtc-gtfs-3050.zip?alt=media
mdb-3081,5063,455f1afb0ee32a84f6ae572ba1ad8239ee154f08ee8942caaf2de07dacee473c,https://storage.googleapis.com/storage/v1/b/mdb-latest/o/es-tarragona-reus-transport-gtfs-3081.zip?alt=media
mdb-3104,2606324,eb3dcd17b34e6915d12dd7060a292912af4ca65976eda3883c12928aff96bee3,https://storage.googleapis.com/storage/v1/b/mdb-latest/o/pt-regiao-autonoma-da-madeira-horarios-do-funchal-transportes-publicos-gtfs-3104.zip?alt=media
mdb-3106,34019,eb9e47e088009ad04709b58b42de9307d596b22cde04209239a320c9bf6475cb,https://storage.googleapis.com/storage/v1/b/mdb-latest/o/gl-nuuk-kommuneqarfik-sermersooq-nuup-bussii-gtfs-3106.zip?alt=media
mdb-3107,2778327,d318dc805ad25888c70e0d76b18c8b024bd4935fba35a3fef4d0b167137174a3,https://storage.googleapis.com/storage/v1/b/mdb-latest/o/nl-unknown-european-sleeper-gtfs-3107.zip?alt=media
mdb-3108,1713435,f3e68e5ae8a2fd9edfe44b6771e0d12d466f6dad0284c6aa88cf52e5980713e4,https://storage.googleapis.com/storage/v1/b/mdb-latest/o/ge-unknown-georgian-railway-gtfs-3108.zip?alt=media
mdb-3109,175176,b7c2450ab86c049028fbc0379bec6902d352acb3eaf4d45ba97fc092a4e7808b,https://storage.googleapis.com/storage/v1/b/mdb-latest/o/us-oregon-benton-area-transportation-gtfs-3109.zip?alt=media
mdb-3131,3224200,2673d1cfefb8e30e730d2b04f7902fe0e864415251aad9fe3e1d8dd0f32ce2c9,https://storage.googleapis.com/storage/v1/b/mdb-latest/o/in-gujarat-ahmedabad-janmarg-ltd-gtfs-3131.zip?alt=media
mdb-3132,7249826,6f5baad0282a0198e6f69c4880678be6edbf46ba73a541b3c61d1bccfb436deb,https://storage.googleapis.com/storage/v1/b/mdb-latest/o/lu-unknown-gtfs-3132.zip?alt=media
mdb-3133,962044,6e8694051aa7ddead854a698cdaacd49315d08791c0efa065b604f60fc01b739,https://storage.googleapis.com/storage/v1/b/mdb-latest/o/unknown-unknown-algoa-bus-gtfs-3133.zip?alt=media
mdb-3134,979624,42461ce74905b3fe1d42b6341a51872374fe270555cd09b76918dac9fa46ac21,https://storage.googleapis.com/storage/v1/b/mdb-latest/o/hu-great-plain-and-north-mezoturi-jaras-vd-express-gtfs-3134.zip?alt=media
mdb-3135,7761,ba42e713c18d872918b1b73f08b43fa0cb279f62166ac44d17d312f4cd4c307d,https://storage.googleapis.com/storage/v1/b/mdb-latest/o/unknown-unknown-gtfs-honduras-open-national-transit-feed-gtfs-3135.zip?alt=media
mdb-3139,19777166,f5a8e196847c3c02da40578a05fcb764157e105f4f39ae628912673588ddcbe0,https://storage.googleapis.com/storage/v1/b/mdb-latest/o/in-delhi-delhi-transport-corporation-gtfs-3139.zip?alt=media
mdb-3141,1362123,c7e0726f18fcb8303469a267ec3b62a5fc4c58c1a61b16181b02c3b86ecd587d,https://storage.googleapis.com/storage/v1/b/mdb-latest/o/in-karnataka-hubli-dharwad-bus-rapid-transit-system-company-ltd-gtfs-3141.zip?alt=media
mdb-3142,574422,da6e047d297af4574b644be0ce23e7ab7ad42101d41c43bf02e0dd06dde1c2c1,https://storage.googleapis.com/storage/v1/b/mdb-latest/o/in-gujarat-rajkot-rampath-limited-gtfs-3142.zip?alt=media
mdb-3144,69725,2d4961cc074a013fb91d7d0b434b6fe23d5490fbec8f634afd5b022c8eb8c39a,https://storage.googleapis.com/storage/v1/b/mdb-latest/o/ng-lagos-state-waterways-gtfs-3144.zip?alt=media
mdb-3153,1265328,8838f79f452936b00bb52c309b2cf7c08699dc22ee6dcf6187481eae02878292,https://storage.googleapis.com/storage/v1/b/mdb-latest/o/ee-unknown-elron-gtfs-3153.zip?alt=media
mdb-3154,5375,1a4407d67900dc0e5c299867cc176d55eef023b1350b991841cbf6b8de717acc,https://storage.googleapis.com/storage/v1/b/mdb-latest/o/sk-region-of-kosice-kosice-dzk-gtfs-3154.zip?alt=media
mdb-3155,64731,613913bcb2ce217b24761e60993fa87d34b4e11de5837673fdd1b0520aa98c9a,https://storage.googleapis.com/storage/v1/b/mdb-latest/o/bg-burgas-aytos-avtrotransport-ltd-gtfs-3155.zip?alt=media
mdb-3157,108322,01b2cfba6e6a56db5fa4017b3b61eb717c001b094238311423ac5bb966c68c69,https://storage.googleapis.com/storage/v1/b/mdb-latest/o/my-perlis-basmy-kangar-gtfs-3157.zip?alt=media
mdb-3159,299857,cee1b74ff4217a4273d296aac323f63201eb86beccf2c8a9e35a60cb7fce0a4a,https://storage.googleapis.com/storage/v1/b/mdb-latest/o/my-kelantan-basmy-kota-bharu-gtfs-3159.zip?alt=media
mdb-3160,129939,787f1b93126e080ab7618e4471d14546b4359ae7a380a7b63c155009736c22d0,https://storage.googleapis.com/storage/v1/b/mdb-latest/o/my-terengganu-basmy-kuala-terengganu-gtfs-3160.zip?alt=media
mdb-3161,156444,9fe2191293504257e30a11c3ba1294b43cb308393d9e8f93dd46e787a4cf868a,https://storage.googleapis.com/storage/v1/b/mdb-latest/o/my-perak-basmy-ipoh-gtfs-3161.zip?alt=media
mdb-3162,131873,857f49a45cab51a03dad33f5faa12d82c2d54353af334d76237657aaf466c267,https://storage.googleapis.com/storage/v1/b/mdb-latest/o/my-negeri-sembilan-basmy-seremban-a-gtfs-3162.zip?alt=media
mdb-3163,192432,15cf5b147e410d3b4eb6d64bc8704f11c0ad19b5ff76d8af8c3dc0ea5e398eb6,https://storage.googleapis.com/storage/v1/b/mdb-latest/o/my-negeri-sembilan-basmy-seremban-b-gtfs-3163.zip?alt=media
mdb-3166,95936,20ed19969649c9c4b966038c4e27c18d7a9e5acde8cd39700c4ad691ddb11a13,https://storage.googleapis.com/storage/v1/b/mdb-latest/o/my-sarawak-basmy-kuching-gtfs-3166.zip?alt=media
mdb-3175,9359624,2fb2dfacae2a20391d8d884448f6c242815f67d12472ab73c341d46db6369da5,https://storage.googleapis.com/storage/v1/b/mdb-latest/o/jp-tokyo-toei-bus-gtfs-3175.zip?alt=media
mdb-3176,779628,2ff2c07c700e470de9766efa22fc41877b1bbe20cec61490420ca4464783ff17,https://storage.googleapis.com/storage/v1/b/mdb-latest/o/jp-tokyo-toei-train-gtfs-3176.zip?alt=media
mdb-3179,42948,9cdb672c70b77b9d7ac5900e9eb88a95b70be90ce606d4d04f29916fddbfd1ed,https://storage.googleapis.com/storage/v1/b/mdb-latest/o/ro-buzau-consiliul-judetean-buzau-transport-judetean-gtfs-3179.zip?alt=media
mdb-3182,2558,878371fb01b26bafe3d88010ed92528ca3383d77f8fb85ff06910b3e7811344d,https://storage.googleapis.com/storage/v1/b/mdb-latest/o/al-southern-albania-bashkia-vlore-urban-trans-vlora-gtfs-3182.zip?alt=media
mdb-3184,132949,58186729f7cb22870cf1a16a9ed9093cc0ff756db602c27c1a48d9674c59a0fb,https://storage.googleapis.com/storage/v1/b/mdb-latest/o/hu-great-plain-and-north-kecskemeti-jaras-kecskemeti-kisvasut-gtfs-3184.zip?alt=media
mdb-3185,3777,e7c9caac6766d7a9ff3b204522b6d01b53288a79301959bd9281a5f271189d17,https://storage.googleapis.com/storage/v1/b/mdb-latest/o/jp-okinawa-prefecture-kumejima-ocean-jet-co-gtfs-3185.zip?alt=media
mdb-3188,354398,7cf772c89dec4ac1a0f97e709c9db519ad8d146caaf2121fe624c149ed29c050,https://storage.googleapis.com/storage/v1/b/mdb-latest/o/co-tolima-ibague-transporte-publico-urbano-de-ibague-gtfs-3188.zip?alt=media
mdb-3190,2573718,acebeac4726bb837902997888a942dc818a30e479a83c03f460336a62fc3bce1,https://storage.googleapis.com/storage/v1/b/mdb-latest/o/ca-quebec-societe-de-transport-de-laval-gtfs-3190.zip?alt=media
mdb-3220,30253202,0e8c0caf5d83c5a43c5b87f4ccf536f0a56fbd2ec2b779e803b62622d0f96fbb,https://storage.googleapis.com/storage/v1/b/mdb-latest/o/gr-unknown-athens-urban-transport-organization-oasa---road-transport-routes-gtfs-3220.zip?alt=media
mdb-3221,8346279,3322c30b30d87aa984b32d5b5278d5087634445e9b419872441819c541d63690,https://storage.googleapis.com/storage/v1/b/mdb-latest/o/gr-unknown-athens-urban-transport-organization-oasa---rail-routes-gtfs-3221.zip?alt=media
mdb-3230,1175912,621430bf423759cec0545010b1b3ac6567abe00068eec43bb1aefab8e9626e77,https://storage.googleapis.com/storage/v1/b/mdb-latest/o/ua-kiev-gtfs-3230.zip?alt=media
mdb-3235,48035108,08e74a65528413f15bd78885b7386550b1c53d14181559ad7c7df130e2bb3dc0,https://storage.googleapis.com/storage/v1/b/mdb-latest/o/ee-unknown-abuss-ou-gtfs-3235.zip?alt=media
mdb-3354,46862,d4d697d5b8a65914878cf32bc5c43ba873ea2197def7c69cab8270c113b83d78,https://storage.googleapis.com/storage/v1/b/mdb-latest/o/eg-al-qahirah-cairo-metro-gtfs-3354.zip?alt=media
mdb-3355,5294018,388dcc9ce54bcc1d1afab3112ec90d497b533ee6cadf8bf720ead1ebb738e926,https://storage.googleapis.com/storage/v1/b/mdb-latest/o/eg-al-qahirah-agyad-gtfs-3355.zip?alt=media
mdb-3357,10747530,acc7705c77f5bf49eda13af9805b9dd8a417777f5d4aba3bb8b6b44bbc622cba,https://storage.googleapis.com/storage/v1/b/mdb-latest/o/cl-region-metropolitana-de-santiago-direccion-de-transporte-metropolitano-dtpm-gtfs-3357.zip?alt=media
mdb-3358,120347161,bc1f00f2a4e36417655b95a4f4835e76457e7a26a140179f04f10adfc2a458e1,https://storage.googleapis.com/storage/v1/b/mdb-latest/o/co-distrito-capital-de-bogota-simur-bogota-gtfs-3358.zip?alt=media
mdb-338,447354,35f4e83b2cd146780ce524097c502662c5066e51c01625453c84c78085ac6fab,https://storage.googleapis.com/storage/v1/b/mdb-latest/o/us-alabama-montgomery-transit-gtfs-338.zip?alt=media
mdb-648,81054700,e0fe99ea94728ed6f522db4234ae33552ca3088b6d7cedb7f01a91a60342bb5a,https://storage.googleapis.com/storage/v1/b/mdb-latest/o/at-wien-wiener-lokalbahnen-wlb-gtfs-648.zip?alt=media
mdb-673,16012,427ac4bf7c667134c2381f9dd5fedda978e19d21a82b771528846f68cc934ace,https://storage.googleapis.com/storage/v1/b/mdb-latest/o/au-queensland-trans-north-innisfail-gtfs-673.zip?alt=media
mdb-676,169992,ac0e145c1883a3d05c669450a3f3e0aec36132fab146ee1c7195a6e1f2d0f796,https://storage.googleapis.com/storage/v1/b/mdb-latest/o/au-queensland-whitsunday-transit-gtfs-676.zip?alt=media
mdb-681,990130,29f0f6d3e0a0290d0c8e3a9a7f688ce593131483e8a4e01c27f0432e77789b16,https://storage.googleapis.com/storage/v1/b/mdb-latest/o/au-tasmania-metrotas-burnie-gtfs-681.zip?alt=media
mdb-683,29592,e0a701de7db4886d0477d2bf1c12a8ff6facf1fef786ef770004972f065ccd19,https://storage.googleapis.com/storage/v1/b/mdb-latest/o/au-northern-territory-department-of-transport-public-transport-gtfs-683.zip?alt=media
mdb-686,23708349,67021866f20c79824c2e9cf73294f6dbeee8f05a9e03eef786fcbec254c3ba7d,https://storage.googleapis.com/storage/v1/b/mdb-latest/o/be-unknown-societe-nationale-des-chemins-de-fer-belges-nmbs-sncb-gtfs-686.zip?alt=media
mdb-7,7745077,7ad9c99183e7a867cacdd3fa0e6f813125cf0c5b772c2188bea03f4fa6a5d76f,https://storage.googleapis.com/storage/v1/b/mdb-latest/o/br-rio-grande-do-sul-empresa-publica-de-transportes-e-circulacao-eptc-gtfs-7.zip?alt=media
mdb-715,2293251,8e01ac6d025742a055e757c895e011860469ba6979af5c15133d277c81373c7d,https://storage.googleapis.com/storage/v1/b/mdb-latest/o/ca-saskatchewan-city-of-regina-gtfs-715.zip?alt=media
mdb-725,3252704,58d68c551809464566d0b03ba5d81055a7fceeeb41dfb2b433ecdf8fe5d24661,https://storage.googleapis.com/storage/v1/b/mdb-latest/o/ca-ontario-oakville-transit-gtfs-725.zip?alt=media
mdb-767,45884023,fbebed6ab73507e8af85ee67ac29583ddf3167fc9cae0d44115b254e23aeb003,https://storage.googleapis.com/storage/v1/b/mdb-latest/o/cz-praha-prazska-integrovana-doprava-pid-gtfs-767.zip?alt=media
mdb-771,5438334,ef8460613f161e78ad0ac88fb1666c904a473ad5d8cea1ece561dcb416c4aaef,https://storage.googleapis.com/storage/v1/b/mdb-latest/o/de-baden-wurttemberg-naldo-verkehrsverbund-gtfs-771.zip?alt=media
mdb-772,49267781,c15665790182f80859646f6b3b6f6899929c78bd009817481379b17ec284e1ea,https://storage.googleapis.com/storage/v1/b/mdb-latest/o/de-baden-wurttemberg-ova-aalen-gtfs-772.zip?alt=media
mdb-777,2944315,05e4b870ccd5199e82d45aa8094f20dbf27437d302b37fe58cc3df73fbbf20ed,https://storage.googleapis.com/storage/v1/b/mdb-latest/o/de-baden-wurttemberg-rhein-neckar-verkehr-gtfs-777.zip?alt=media
mdb-795,7886573,efe59eafd33bf663825e46d135d9953b0fe0361b59071f6d40914aaa9d938239,https://storage.googleapis.com/storage/v1/b/mdb-latest/o/es-valencia-emt-valencia-gtfs-795.zip?alt=media
mdb-8,14129721,c5e1710eb970680bec1f44d19f2e1e4ada9b514e8a2a2cb46a8ab2a6df75650e,https://storage.googleapis.com/storage/v1/b/mdb-latest/o/br-sao-paulo-sao-paulo-transporte-sptrans-gtfs-8.zip?alt=media
mdb-857,378537,76ec494644113b0c35e8e30568405f458e522ce8ecbcd3a3c285e72f88920002,https://storage.googleapis.com/storage/v1/b/mdb-latest/o/de-bayern-augsburger-verkehrs--und-tarifverbund-avv-gtfs-857.zip?alt=media
mdb-861,2498284,f07bc39aa31b9caf0bf5fc0ca7f7a78aae28083c5ecc37ba17a5b7ea0c347437,https://storage.googleapis.com/storage/v1/b/mdb-latest/o/hu-pecs-biokom-gtfs-861.zip?alt=media
mdb-862,26023,cb601c42c26dfe1217c954e2cd54ab168f57ea24ad18bd90d8344ff13f93deff,https://storage.googleapis.com/storage/v1/b/mdb-latest/o/hu-budapest-weekendbus-gtfs-862.zip?alt=media
mdb-864,16400678,b7fbec57001afc24ee5650d368d6ae1b20b7eee40e25dba65bb116593ca09b41,https://storage.googleapis.com/storage/v1/b/mdb-latest/o/fi-varsinais-suomi-turku-gtfs-864.zip?alt=media
mdb-867,2219738,a9af1f71b4555558dae2dc91a4bae633b995caaf6beed03527477aa53bc0f4b2,https://storage.googleapis.com/storage/v1/b/mdb-latest/o/fi-keski-suomi-jyvaskyla-gtfs-867.zip?alt=media
mdb-869,10082912,95dea4934a5517364c9ce6acbde788f6491fdd738698cc18d6169ca60f011d35,https://storage.googleapis.com/storage/v1/b/mdb-latest/o/fi-pohjois-pohjanmaa-oulun-joukkoliikenne-gtfs-869.zip?alt=media
mdb-884,2005331,7978ccca76d215f0ca55c1992db437e51b7a25f4ade4ccbc6893f2f86c730218,https://storage.googleapis.com/storage/v1/b/mdb-latest/o/lv-riga-rigas-satiksme-gtfs-884.zip?alt=media
mdb-887,1081935,0948e757e3e1eb4bc8d6dd6c2967544d3b6435a2cb73ea6a5158d91ad5d8e44b,https://storage.googleapis.com/storage/v1/b/mdb-latest/o/hu-szeged-dakk-zrt-gtfs-887.zip?alt=media
mdb-888,2382125,a3dfb474f137e6df07b0bd98cc6f57981557f30a7f4303d9a8f6a4bc74e71ecf,https://storage.googleapis.com/storage/v1/b/mdb-latest/o/fr-provence-alpes-cote-dazur-aix-en-bus-gtfs-888.zip?alt=media
mdb-892,8008221,c9657886908d1627bc47776eb75ac40761adbdac94dca0b424a17de9b1caff72,https://storage.googleapis.com/storage/v1/b/mdb-latest/o/es-barcelona-autos-castellbisbal-gtfs-892.zip?alt=media
mdb-9,46423753,ac17ce8681241a8bcd114e84747320b3e40caca6a49e9e7bc344462e54ff22d7,https://storage.googleapis.com/storage/v1/b/mdb-latest/o/br-minas-gerais-empresa-de-transportes-e-transito-de-belo-horizonte-bhtrans-gtfs-9.zip?alt=media
mdb-912,936968,0ae4a53993cd1636647f02244215ff467bf91e8bae5ac70581af60610f5affc2,https://storage.googleapis.com/storage/v1/b/mdb-latest/o/it-puglia-miccolis-spa-gtfs-912.zip?alt=media
mdb-932,101495,3d6536039f851d366fd68cd913f0c831db539d8d28d593b0b35d0eb9fcf0c0cf,https://storage.googleapis.com/storage/v1/b/mdb-latest/o/us-oregon-link-lane-gtfs-932.zip?alt=media
mdb-935,188088,45e07c53756fe125a5b4c677f4ed857e3e4caae495850bd9afccb6b9964a98ca,https://storage.googleapis.com/storage/v1/b/mdb-latest/o/au-australian-capital-territory-canberra-metro-operations-gtfs-935.zip?alt=media
mdb-936,6369594,8c4f8e97f0fbd9c8f3c547fd68f0ced39886c9eb3aa3fdcc0783a70d6d68813d,https://storage.googleapis.com/storage/v1/b/mdb-latest/o/au-australian-capital-territory-transport-canberra-gtfs-936.zip?alt=media
mdb-981,3884589,ed0e2e7d77b30b52eb94a4fd41168d86178884e283f3cbb305838e5a497bc6e9,https://storage.googleapis.com/storage/v1/b/mdb-latest/o/pl-zachodniopomorskie-zarzad-drog-i-transportu-miejskiego-zditm-gtfs-981.zip?alt=media
mdb-982,12223713,5615d6ee406408b32928758c09102b8b1f4433d67f6b561f56881f81f4ab822e,https://storage.googleapis.com/storage/v1/b/mdb-latest/o/pl-wielkopolskie-zarzad-transportu-miejskiego-poznan-ztm-poznan-gtfs-982.zip?alt=media
mdb-983,780676,d7780bd8787c1b3fcea91c2fe3ddb499afa29426b0cc1e671587ee9406c76f75,https://storage.googleapis.com/storage/v1/b/mdb-latest/o/nz-otago-otago-regional-council-orc-gtfs-983.zip?alt=media
mdb-990,49478370,d69950d114d20f87172653676784c1ec6db455ed4dd479a28dfd0740c812187b,https://storage.googleapis.com/storage/v1/b/mdb-latest/o/hu-budapest-budapesti-kozlekedesi-kozpont-bkk-gtfs-990.zip?alt=media
mdb-992,29823255,df302df35651e73e18e1640cda638987a5d4cf3a327d265808b0d2fe6845719b,https://storage.googleapis.com/storage/v1/b/mdb-latest/o/lv-riga-valsts-sia-autotransporta-direkcija-atd-gtfs-992.zip?alt=media
